{
  "seed": 61,
  "accuracy": 0.7,
  "classification_report": {
    "High": {
      "precision": 0.7368421052631579,
      "recall": 0.5833333333333334,
      "f1-score": 0.6511627906976745,
      "support": 24.0
    },
    "Low": {
      "precision": 0.7391304347826086,
      "recall": 0.9272727272727272,
      "f1-score": 0.8225806451612904,
      "support": 55.0
    },
    "Medium": {
      "precision": 0.59375,
      "recall": 0.4634146341463415,
      "f1-score": 0.5205479452054794,
      "support": 41.0
    },
    "accuracy": 0.7,
    "macro avg": {
      "precision": 0.6899075133485888,
      "recall": 0.6580068982508007,
      "f1-score": 0.664763793688148,
      "support": 120.0
    },
    "weighted avg": {
      "precision": 0.6890011203279939,
      "recall": 0.7,
      "f1-score": 0.6851025684503317,
      "support": 120.0
    }
  },
  "confusion_matrix": [
    [
      14,
      1,
      9
    ],
    [
      0,
      51,
      4
    ],
    [
      5,
      17,
      19
    ]
  ],
  "feature_cols": [
    "blink_rate_bpm",
    "incomplete_blink_ratio",
    "avg_ibi_sec",
    "redness_index",
    "ibr_x_red",
    "blink_per_sec",
    "ibi_inv",
    "ibi_lt6",
    "red_gt0_3",
    "ibr_gt0_2"
  ],
  "target_col": "risk_label",
  "split_policy": "Stratified holdout 20%"
}